{"cameraMode":{"drawMode":0,"name":"Shaded","section":"Shading Mode"},"sceneLighting":true,"audioPlay":false,"sceneViewState":{"showFog":false,"showMaterialUpdate":false,"showSkybox":false,"showFlares":false,"showImageEffects":false,"showParticleSystems":false},"in2DMode":false,"pivot":{"x":1.1195979118347169,"y":-2.2154312133789064,"z":-1.9322891235351563},"rotation":{"x":0.4155600666999817,"y":0.06947148591279984,"z":-0.031852640211582187,"w":0.9063514471054077},"size":27.377687454223634,"orthographic":false}