{"cameraMode":{"drawMode":0,"name":"Shaded","section":"Shading Mode"},"sceneLighting":true,"audioPlay":false,"sceneViewState":{"showFog":false,"showMaterialUpdate":false,"showSkybox":false,"showFlares":false,"showImageEffects":false,"showParticleSystems":false},"in2DMode":false,"pivot":{"x":7.914316177368164,"y":-36.89619445800781,"z":101.08484649658203},"rotation":{"x":0.37046149373054507,"y":0.0044579533860087399,"z":-0.001773422583937645,"w":0.9288554191589356},"size":121.66405487060547,"orthographic":false}